MementoTimestamp,URI-M,FollowerCount,DateTime
20190813185640,http://web.archive.org/web/20190813185640/https://twitter.com/GovernorBullock,183807,2019-08-13 18:56:40
20190826094539,http://web.archive.org/web/20190826094539/https://twitter.com/GovernorBullock,184835,2019-08-26 09:45:39
20190813185640,https://web.archive.org/web/20190813185640/https://twitter.com/GovernorBullock,183807,2019-08-13 18:56:40
20190826094539,https://web.archive.org/web/20190826094539/https://twitter.com/GovernorBullock,184835,2019-08-26 09:45:39
20190827215128,https://web.archive.org/web/20190827215128/https://twitter.com/GovernorBullock,185024,2019-08-27 21:51:28
20190827215132,https://web.archive.org/web/20190827215132/https://twitter.com/GovernorBullock,185024,2019-08-27 21:51:32
20190827232110,https://web.archive.org/web/20190827232110/https://twitter.com/GovernorBullock,185026,2019-08-27 23:21:10
20190827232120,https://web.archive.org/web/20190827232120/https://twitter.com/GovernorBullock,185026,2019-08-27 23:21:20
20190903221311,https://web.archive.org/web/20190903221311/https://twitter.com/GovernorBullock,185182,2019-09-03 22:13:11
20190903221316,https://web.archive.org/web/20190903221316/https://twitter.com/GovernorBullock,185182,2019-09-03 22:13:16
20190903222910,https://web.archive.org/web/20190903222910/https://twitter.com/GovernorBullock,185183,2019-09-03 22:29:10
20190903222914,https://web.archive.org/web/20190903222914/https://twitter.com/GovernorBullock,185183,2019-09-03 22:29:14
20190904123910,https://web.archive.org/web/20190904123910/https://twitter.com/GovernorBullock,185265,2019-09-04 12:39:10
20190904123929,https://web.archive.org/web/20190904123929/https://twitter.com/GovernorBullock,185265,2019-09-04 12:39:29
20190905030935,https://web.archive.org/web/20190905030935/https://twitter.com/GovernorBullock,185220,2019-09-05 03:09:35
20190910223147,https://web.archive.org/web/20190910223147/https://twitter.com/GovernorBullock,185460,2019-09-10 22:31:47
20190910223154,https://web.archive.org/web/20190910223154/https://twitter.com/GovernorBullock,185460,2019-09-10 22:31:54
20190911020900,https://web.archive.org/web/20190911020900/https://twitter.com/GovernorBullock,185455,2019-09-11 02:09:00
20190911020906,https://web.archive.org/web/20190911020906/https://twitter.com/GovernorBullock,185455,2019-09-11 02:09:06
20190911022718,https://web.archive.org/web/20190911022718/https://twitter.com/GovernorBullock,185455,2019-09-11 02:27:18
20190911022727,https://web.archive.org/web/20190911022727/https://twitter.com/GovernorBullock,185455,2019-09-11 02:27:27
20190911060717,https://web.archive.org/web/20190911060717/https://twitter.com/GovernorBullock,185383,2019-09-11 06:07:17
20190911061425,https://web.archive.org/web/20190911061425/https://twitter.com/GovernorBullock,185383,2019-09-11 06:14:25
20190911165100,https://web.archive.org/web/20190911165100/https://twitter.com/GovernorBullock,185479,2019-09-11 16:51:00
20190911165111,https://web.archive.org/web/20190911165111/https://twitter.com/GovernorBullock,185479,2019-09-11 16:51:11
20190917214727,https://web.archive.org/web/20190917214727/https://twitter.com/GovernorBullock,185702,2019-09-17 21:47:27
20190917214731,https://web.archive.org/web/20190917214731/https://twitter.com/GovernorBullock,185623,2019-09-17 21:47:31
20190917234230,https://web.archive.org/web/20190917234230/https://twitter.com/GovernorBullock,185623,2019-09-17 23:42:30
20190917234237,https://web.archive.org/web/20190917234237/https://twitter.com/GovernorBullock,185623,2019-09-17 23:42:37
20190918010241,https://web.archive.org/web/20190918010241/https://twitter.com/GovernorBullock,185626,2019-09-18 01:02:41
20190918010244,https://web.archive.org/web/20190918010244/https://twitter.com/GovernorBullock,185626,2019-09-18 01:02:44
20190918095638,https://web.archive.org/web/20190918095638/https://twitter.com/GovernorBullock,185627,2019-09-18 09:56:38
20190918095642,https://web.archive.org/web/20190918095642/https://twitter.com/GovernorBullock,185627,2019-09-18 09:56:42
20190918110825,https://web.archive.org/web/20190918110825/https://twitter.com/GovernorBullock,185630,2019-09-18 11:08:25
20190918110829,https://web.archive.org/web/20190918110829/https://twitter.com/GovernorBullock,185630,2019-09-18 11:08:29
20190924174420,https://web.archive.org/web/20190924174420/https://twitter.com/GovernorBullock,185870,2019-09-24 17:44:20
20190924174424,https://web.archive.org/web/20190924174424/https://twitter.com/GovernorBullock,185870,2019-09-24 17:44:24
20190924181852,https://web.archive.org/web/20190924181852/https://twitter.com/GovernorBullock,185868,2019-09-24 18:18:52
20190924181859,https://web.archive.org/web/20190924181859/https://twitter.com/GovernorBullock,185868,2019-09-24 18:18:59
20190924185020,https://web.archive.org/web/20190924185020/https://twitter.com/GovernorBullock,185871,2019-09-24 18:50:20
20190924185025,https://web.archive.org/web/20190924185025/https://twitter.com/GovernorBullock,185871,2019-09-24 18:50:25
20190924230611,https://web.archive.org/web/20190924230611/https://twitter.com/GovernorBullock,185882,2019-09-24 23:06:11
20190924230616,https://web.archive.org/web/20190924230616/https://twitter.com/GovernorBullock,185882,2019-09-24 23:06:16
20190925023559,https://web.archive.org/web/20190925023559/https://twitter.com/GovernorBullock,185890,2019-09-25 02:35:59
20190925023603,https://web.archive.org/web/20190925023603/https://twitter.com/GovernorBullock,185890,2019-09-25 02:36:03
20190925060147,https://web.archive.org/web/20190925060147/https://twitter.com/GovernorBullock,185898,2019-09-25 06:01:47
20190925060151,https://web.archive.org/web/20190925060151/https://twitter.com/GovernorBullock,185898,2019-09-25 06:01:51
20191001185349,https://web.archive.org/web/20191001185349/https://twitter.com/GovernorBullock,186126,2019-10-01 18:53:49
20191001185355,https://web.archive.org/web/20191001185355/https://twitter.com/GovernorBullock,186126,2019-10-01 18:53:55
20191001195258,https://web.archive.org/web/20191001195258/https://twitter.com/GovernorBullock,186130,2019-10-01 19:52:58
20191001195301,https://web.archive.org/web/20191001195301/https://twitter.com/GovernorBullock,186130,2019-10-01 19:53:01
20191002041559,https://web.archive.org/web/20191002041559/https://twitter.com/GovernorBullock,186142,2019-10-02 04:15:59
20191002041607,https://web.archive.org/web/20191002041607/https://twitter.com/GovernorBullock,186061,2019-10-02 04:16:07
20191002045548,https://web.archive.org/web/20191002045548/https://twitter.com/GovernorBullock,186141,2019-10-02 04:55:48
20191002045552,https://web.archive.org/web/20191002045552/https://twitter.com/GovernorBullock,186060,2019-10-02 04:55:52
20191002064213,https://web.archive.org/web/20191002064213/https://twitter.com/GovernorBullock,186140,2019-10-02 06:42:13
20191002064217,https://web.archive.org/web/20191002064217/https://twitter.com/GovernorBullock,186140,2019-10-02 06:42:17
20191002085603,https://web.archive.org/web/20191002085603/https://twitter.com/GovernorBullock,186144,2019-10-02 08:56:03
20191002085608,https://web.archive.org/web/20191002085608/https://twitter.com/GovernorBullock,186144,2019-10-02 08:56:08
20191002103203,https://web.archive.org/web/20191002103203/https://twitter.com/GovernorBullock,186062,2019-10-02 10:32:03
20191002103209,https://web.archive.org/web/20191002103209/https://twitter.com/GovernorBullock,186062,2019-10-02 10:32:09
20191008190927,https://web.archive.org/web/20191008190927/https://twitter.com/GovernorBullock,186301,2019-10-08 19:09:27
20191008190932,https://web.archive.org/web/20191008190932/https://twitter.com/GovernorBullock,186301,2019-10-08 19:09:32
20191008222340,https://web.archive.org/web/20191008222340/https://twitter.com/GovernorBullock,186319,2019-10-08 22:23:40
20191008222344,https://web.archive.org/web/20191008222344/https://twitter.com/GovernorBullock,186319,2019-10-08 22:23:44
20191009014157,https://web.archive.org/web/20191009014157/https://twitter.com/GovernorBullock,186315,2019-10-09 01:41:57
20191009014225,https://web.archive.org/web/20191009014225/https://twitter.com/GovernorBullock,186315,2019-10-09 01:42:25
20191009044640,https://web.archive.org/web/20191009044640/https://twitter.com/GovernorBullock,186313,2019-10-09 04:46:40
20191009044644,https://web.archive.org/web/20191009044644/https://twitter.com/GovernorBullock,186313,2019-10-09 04:46:44
20191009075349,https://web.archive.org/web/20191009075349/https://twitter.com/GovernorBullock,186311,2019-10-09 07:53:49
20191009075405,https://web.archive.org/web/20191009075405/https://twitter.com/GovernorBullock,186311,2019-10-09 07:54:05
20191009080715,https://web.archive.org/web/20191009080715/https://twitter.com/GovernorBullock,186311,2019-10-09 08:07:15
20191009080722,https://web.archive.org/web/20191009080722/https://twitter.com/GovernorBullock,186311,2019-10-09 08:07:22
20191009081446,https://web.archive.org/web/20191009081446/https://twitter.com/GovernorBullock,186311,2019-10-09 08:14:46
20191009081505,https://web.archive.org/web/20191009081505/https://twitter.com/GovernorBullock,186311,2019-10-09 08:15:05
20191009125555,https://web.archive.org/web/20191009125555/https://twitter.com/GovernorBullock,186298,2019-10-09 12:55:55
20191009125603,https://web.archive.org/web/20191009125603/https://twitter.com/GovernorBullock,186298,2019-10-09 12:56:03
20191015211154,https://web.archive.org/web/20191015211154/https://twitter.com/GovernorBullock,186555,2019-10-15 21:11:54
20191015211200,https://web.archive.org/web/20191015211200/https://twitter.com/GovernorBullock,186555,2019-10-15 21:12:00
20191015224032,https://web.archive.org/web/20191015224032/https://twitter.com/GovernorBullock,186556,2019-10-15 22:40:32
20191015224038,https://web.archive.org/web/20191015224038/https://twitter.com/GovernorBullock,186556,2019-10-15 22:40:38
20191015234258,https://web.archive.org/web/20191015234258/https://twitter.com/GovernorBullock,186566,2019-10-15 23:42:58
20191015234303,https://web.archive.org/web/20191015234303/https://twitter.com/GovernorBullock,186566,2019-10-15 23:43:03
20191016003210,https://web.archive.org/web/20191016003210/https://twitter.com/GovernorBullock,186569,2019-10-16 00:32:10
20191016003213,https://web.archive.org/web/20191016003213/https://twitter.com/GovernorBullock,186569,2019-10-16 00:32:13
20191016051420,https://web.archive.org/web/20191016051420/https://twitter.com/GovernorBullock,186599,2019-10-16 05:14:20
20191016051427,https://web.archive.org/web/20191016051427/https://twitter.com/GovernorBullock,186599,2019-10-16 05:14:27
20191016083459,https://web.archive.org/web/20191016083459/https://twitter.com/GovernorBullock,186607,2019-10-16 08:34:59
20191016083504,https://web.archive.org/web/20191016083504/https://twitter.com/GovernorBullock,186607,2019-10-16 08:35:04
20191016095936,https://web.archive.org/web/20191016095936/https://twitter.com/GovernorBullock,186598,2019-10-16 09:59:36
20191016095943,https://web.archive.org/web/20191016095943/https://twitter.com/GovernorBullock,186598,2019-10-16 09:59:43
20191016104633,https://web.archive.org/web/20191016104633/https://twitter.com/GovernorBullock,186596,2019-10-16 10:46:33
20191016104637,https://web.archive.org/web/20191016104637/https://twitter.com/GovernorBullock,186596,2019-10-16 10:46:37
20191016142133,https://web.archive.org/web/20191016142133/https://twitter.com/GovernorBullock,186605,2019-10-16 14:21:33
20191016142147,https://web.archive.org/web/20191016142147/https://twitter.com/GovernorBullock,186605,2019-10-16 14:21:47
20191022185409,https://web.archive.org/web/20191022185409/https://twitter.com/GovernorBullock,187231,2019-10-22 18:54:09
20191022185604,https://web.archive.org/web/20191022185604/https://twitter.com/GovernorBullock,187231,2019-10-22 18:56:04
20191022225349,https://web.archive.org/web/20191022225349/https://twitter.com/GovernorBullock,187251,2019-10-22 22:53:49
20191022225353,https://web.archive.org/web/20191022225353/https://twitter.com/GovernorBullock,187251,2019-10-22 22:53:53
20191022230728,https://web.archive.org/web/20191022230728/https://twitter.com/GovernorBullock,187254,2019-10-22 23:07:28
20191022230736,https://web.archive.org/web/20191022230736/https://twitter.com/GovernorBullock,187254,2019-10-22 23:07:36
20191022232935,https://web.archive.org/web/20191022232935/https://twitter.com/GovernorBullock,187259,2019-10-22 23:29:35
20191022232939,https://web.archive.org/web/20191022232939/https://twitter.com/GovernorBullock,187259,2019-10-22 23:29:39
20191022235135,https://web.archive.org/web/20191022235135/https://twitter.com/GovernorBullock,187262,2019-10-22 23:51:35
20191022235139,https://web.archive.org/web/20191022235139/https://twitter.com/GovernorBullock,187262,2019-10-22 23:51:39
20191023010143,https://web.archive.org/web/20191023010143/https://twitter.com/GovernorBullock,187271,2019-10-23 01:01:43
20191023010147,https://web.archive.org/web/20191023010147/https://twitter.com/GovernorBullock,187271,2019-10-23 01:01:47
20191023053403,https://web.archive.org/web/20191023053403/https://twitter.com/GovernorBullock,187281,2019-10-23 05:34:03
20191023053409,https://web.archive.org/web/20191023053409/https://twitter.com/GovernorBullock,187281,2019-10-23 05:34:09
20191023081022,https://web.archive.org/web/20191023081022/https://twitter.com/GovernorBullock,187286,2019-10-23 08:10:22
20191023081027,https://web.archive.org/web/20191023081027/https://twitter.com/GovernorBullock,187286,2019-10-23 08:10:27
20191023120136,https://web.archive.org/web/20191023120136/https://twitter.com/GovernorBullock,187290,2019-10-23 12:01:36
20191023120141,https://web.archive.org/web/20191023120141/https://twitter.com/GovernorBullock,187290,2019-10-23 12:01:41
20191023142932,https://web.archive.org/web/20191023142932/https://twitter.com/GovernorBullock,187287,2019-10-23 14:29:32
20191023142954,https://web.archive.org/web/20191023142954/https://twitter.com/GovernorBullock,187287,2019-10-23 14:29:54
20191029192210,https://web.archive.org/web/20191029192210/https://twitter.com/GovernorBullock,187605,2019-10-29 19:22:10
20191029192214,https://web.archive.org/web/20191029192214/https://twitter.com/GovernorBullock,187605,2019-10-29 19:22:14
20191029231929,https://web.archive.org/web/20191029231929/https://twitter.com/GovernorBullock,187612,2019-10-29 23:19:29
20191029231932,https://web.archive.org/web/20191029231932/https://twitter.com/GovernorBullock,187612,2019-10-29 23:19:32
20191030022222,https://web.archive.org/web/20191030022222/https://twitter.com/GovernorBullock,187622,2019-10-30 02:22:22
20191030022227,https://web.archive.org/web/20191030022227/https://twitter.com/GovernorBullock,187622,2019-10-30 02:22:27
20191030053555,https://web.archive.org/web/20191030053555/https://twitter.com/GovernorBullock,187626,2019-10-30 05:35:55
20191030053559,https://web.archive.org/web/20191030053559/https://twitter.com/GovernorBullock,187626,2019-10-30 05:35:59
20191030061650,https://web.archive.org/web/20191030061650/https://twitter.com/GovernorBullock,187626,2019-10-30 06:16:50
20191030061654,https://web.archive.org/web/20191030061654/https://twitter.com/GovernorBullock,187626,2019-10-30 06:16:54
20191030095939,https://web.archive.org/web/20191030095939/https://twitter.com/GovernorBullock,187636,2019-10-30 09:59:39
20191030095943,https://web.archive.org/web/20191030095943/https://twitter.com/GovernorBullock,187636,2019-10-30 09:59:43
20191030123154,https://web.archive.org/web/20191030123154/https://twitter.com/GovernorBullock,187641,2019-10-30 12:31:54
20191030123158,https://web.archive.org/web/20191030123158/https://twitter.com/GovernorBullock,187641,2019-10-30 12:31:58
20191030152557,https://web.archive.org/web/20191030152557/https://twitter.com/GovernorBullock,187644,2019-10-30 15:25:57
20191030152600,https://web.archive.org/web/20191030152600/https://twitter.com/GovernorBullock,187644,2019-10-30 15:26:00
20191030164510,https://web.archive.org/web/20191030164510/https://twitter.com/GovernorBullock,187643,2019-10-30 16:45:10
20191030164517,https://web.archive.org/web/20191030164517/https://twitter.com/GovernorBullock,187643,2019-10-30 16:45:17
20191030165616,https://web.archive.org/web/20191030165616/https://twitter.com/GovernorBullock,187645,2019-10-30 16:56:16
20191030165624,https://web.archive.org/web/20191030165624/https://twitter.com/GovernorBullock,187645,2019-10-30 16:56:24
20191030213819,https://web.archive.org/web/20191030213819/https://twitter.com/GovernorBullock,187660,2019-10-30 21:38:19
20191030213823,https://web.archive.org/web/20191030213823/https://twitter.com/GovernorBullock,187660,2019-10-30 21:38:23
20191105223940,https://web.archive.org/web/20191105223940/https://twitter.com/GovernorBullock,188051,2019-11-05 22:39:40
20191105223944,https://web.archive.org/web/20191105223944/https://twitter.com/GovernorBullock,188050,2019-11-05 22:39:44
20191106021108,https://web.archive.org/web/20191106021108/https://twitter.com/GovernorBullock,188070,2019-11-06 02:11:08
20191106021112,https://web.archive.org/web/20191106021112/https://twitter.com/GovernorBullock,188070,2019-11-06 02:11:12
20191106042449,https://web.archive.org/web/20191106042449/https://twitter.com/GovernorBullock,188000,2019-11-06 04:24:49
20191106042454,https://web.archive.org/web/20191106042454/https://twitter.com/GovernorBullock,188000,2019-11-06 04:24:54
20191106074217,https://web.archive.org/web/20191106074217/https://twitter.com/GovernorBullock,187997,2019-11-06 07:42:17
20191106074221,https://web.archive.org/web/20191106074221/https://twitter.com/GovernorBullock,187997,2019-11-06 07:42:21
20191106090044,https://web.archive.org/web/20191106090044/https://twitter.com/GovernorBullock,188078,2019-11-06 09:00:44
20191106090048,https://web.archive.org/web/20191106090048/https://twitter.com/GovernorBullock,188078,2019-11-06 09:00:48
20191106091947,https://web.archive.org/web/20191106091947/https://twitter.com/GovernorBullock,188077,2019-11-06 09:19:47
20191106091951,https://web.archive.org/web/20191106091951/https://twitter.com/GovernorBullock,188077,2019-11-06 09:19:51
20191106110151,https://web.archive.org/web/20191106110151/https://twitter.com/GovernorBullock,188079,2019-11-06 11:01:51
20191106110155,https://web.archive.org/web/20191106110155/https://twitter.com/GovernorBullock,188079,2019-11-06 11:01:55
20191106122452,https://web.archive.org/web/20191106122452/https://twitter.com/GovernorBullock,188080,2019-11-06 12:24:52
20191106122455,https://web.archive.org/web/20191106122455/https://twitter.com/GovernorBullock,188080,2019-11-06 12:24:55
20191106142747,https://web.archive.org/web/20191106142747/https://twitter.com/GovernorBullock,188084,2019-11-06 14:27:47
20191106142750,https://web.archive.org/web/20191106142750/https://twitter.com/GovernorBullock,188084,2019-11-06 14:27:50
20191106171305,https://web.archive.org/web/20191106171305/https://twitter.com/GovernorBullock,188110,2019-11-06 17:13:05
20191106171326,https://web.archive.org/web/20191106171326/https://twitter.com/GovernorBullock,188110,2019-11-06 17:13:26
20191106191621,https://web.archive.org/web/20191106191621/https://twitter.com/GovernorBullock,188111,2019-11-06 19:16:21
20191106191625,https://web.archive.org/web/20191106191625/https://twitter.com/GovernorBullock,188111,2019-11-06 19:16:25
20191106213652,https://web.archive.org/web/20191106213652/https://twitter.com/GovernorBullock,188124,2019-11-06 21:36:52
20191106213656,https://web.archive.org/web/20191106213656/https://twitter.com/GovernorBullock,188124,2019-11-06 21:36:56
20191108085536,https://web.archive.org/web/20191108085536/https://twitter.com/GovernorBullock,188254,2019-11-08 08:55:36
20191112235838,https://web.archive.org/web/20191112235838/https://twitter.com/GovernorBullock,188574,2019-11-12 23:58:38
20191112235842,https://web.archive.org/web/20191112235842/https://twitter.com/GovernorBullock,188574,2019-11-12 23:58:42
20191113000522,https://web.archive.org/web/20191113000522/https://twitter.com/GovernorBullock,188574,2019-11-13 00:05:22
20191113000527,https://web.archive.org/web/20191113000527/https://twitter.com/GovernorBullock,188574,2019-11-13 00:05:27
20191113002044,https://web.archive.org/web/20191113002044/https://twitter.com/GovernorBullock,188576,2019-11-13 00:20:44
20191113002100,https://web.archive.org/web/20191113002100/https://twitter.com/GovernorBullock,188576,2019-11-13 00:21:00
20191113011349,https://web.archive.org/web/20191113011349/https://twitter.com/GovernorBullock,188576,2019-11-13 01:13:49
20191113011356,https://web.archive.org/web/20191113011356/https://twitter.com/GovernorBullock,188576,2019-11-13 01:13:56
20191113044450,https://web.archive.org/web/20191113044450/https://twitter.com/GovernorBullock,188572,2019-11-13 04:44:50
20191113044453,https://web.archive.org/web/20191113044453/https://twitter.com/GovernorBullock,188572,2019-11-13 04:44:53
20191113050842,https://web.archive.org/web/20191113050842/https://twitter.com/GovernorBullock,188575,2019-11-13 05:08:42
20191113050855,https://web.archive.org/web/20191113050855/https://twitter.com/GovernorBullock,188575,2019-11-13 05:08:55
20191113073206,https://web.archive.org/web/20191113073206/https://twitter.com/GovernorBullock,188578,2019-11-13 07:32:06
20191113073209,https://web.archive.org/web/20191113073209/https://twitter.com/GovernorBullock,188578,2019-11-13 07:32:09
20191113083936,https://web.archive.org/web/20191113083936/https://twitter.com/GovernorBullock,188579,2019-11-13 08:39:36
20191113083940,https://web.archive.org/web/20191113083940/https://twitter.com/GovernorBullock,188579,2019-11-13 08:39:40
20191113084927,https://web.archive.org/web/20191113084927/https://twitter.com/GovernorBullock,188570,2019-11-13 08:49:27
20191113084931,https://web.archive.org/web/20191113084931/https://twitter.com/GovernorBullock,188570,2019-11-13 08:49:31
20191113105457,https://web.archive.org/web/20191113105457/https://twitter.com/GovernorBullock,188571,2019-11-13 10:54:57
20191113105502,https://web.archive.org/web/20191113105502/https://twitter.com/GovernorBullock,188571,2019-11-13 10:55:02
20191113150421,https://web.archive.org/web/20191113150421/https://twitter.com/GovernorBullock,188576,2019-11-13 15:04:21
20191113150425,https://web.archive.org/web/20191113150425/https://twitter.com/GovernorBullock,188576,2019-11-13 15:04:25
20191114015623,https://web.archive.org/web/20191114015623/https://twitter.com/GovernorBullock,188564,2019-11-14 01:56:23
20191114015628,https://web.archive.org/web/20191114015628/https://twitter.com/GovernorBullock,188564,2019-11-14 01:56:28
20191118202601,https://web.archive.org/web/20191118202601/https://www.twitter.com/GovernorBullock,188658,2019-11-18 20:26:01
20191118202601,https://web.archive.org/web/20191118202601/https://twitter.com/GovernorBullock,188658,2019-11-18 20:26:01
20191118212044,https://web.archive.org/web/20191118212044/https://www.twitter.com/GovernorBullock,188659,2019-11-18 21:20:44
20191118212044,https://web.archive.org/web/20191118212044/https://twitter.com/GovernorBullock,188659,2019-11-18 21:20:44
20191118213645,https://web.archive.org/web/20191118213645/https://www.twitter.com/GovernorBullock,188658,2019-11-18 21:36:45
20191118213645,https://web.archive.org/web/20191118213645/https://twitter.com/GovernorBullock,188658,2019-11-18 21:36:45
20191118222452,https://web.archive.org/web/20191118222452/https://www.twitter.com/GovernorBullock,188663,2019-11-18 22:24:52
20191118222452,https://web.archive.org/web/20191118222452/https://twitter.com/GovernorBullock,188663,2019-11-18 22:24:52
20191118232740,https://web.archive.org/web/20191118232740/https://www.twitter.com/GovernorBullock,188663,2019-11-18 23:27:40
20191118232740,https://web.archive.org/web/20191118232740/https://twitter.com/GovernorBullock,188663,2019-11-18 23:27:40
20191119005405,https://web.archive.org/web/20191119005405/https://www.twitter.com/GovernorBullock,188665,2019-11-19 00:54:05
20191119005405,https://web.archive.org/web/20191119005405/https://twitter.com/GovernorBullock,188665,2019-11-19 00:54:05
20191119014639,https://web.archive.org/web/20191119014639/https://www.twitter.com/GovernorBullock,188663,2019-11-19 01:46:39
20191119014639,https://web.archive.org/web/20191119014639/https://twitter.com/GovernorBullock,188663,2019-11-19 01:46:39
20191119031928,https://web.archive.org/web/20191119031928/https://www.twitter.com/GovernorBullock,188662,2019-11-19 03:19:28
20191119031928,https://web.archive.org/web/20191119031928/https://twitter.com/GovernorBullock,188662,2019-11-19 03:19:28
20191119043440,https://web.archive.org/web/20191119043440/https://www.twitter.com/GovernorBullock,188668,2019-11-19 04:34:40
20191119043440,https://web.archive.org/web/20191119043440/https://twitter.com/GovernorBullock,188668,2019-11-19 04:34:40
20191119110200,https://web.archive.org/web/20191119110200/https://www.twitter.com/GovernorBullock,188670,2019-11-19 11:02:00
20191119110200,https://web.archive.org/web/20191119110200/https://twitter.com/GovernorBullock,188670,2019-11-19 11:02:00
20191119131230,https://web.archive.org/web/20191119131230/https://www.twitter.com/GovernorBullock,188668,2019-11-19 13:12:30
20191119131230,https://web.archive.org/web/20191119131230/https://twitter.com/GovernorBullock,188668,2019-11-19 13:12:30
20191119144830,https://web.archive.org/web/20191119144830/https://www.twitter.com/GovernorBullock,188676,2019-11-19 14:48:30
20191119144830,https://web.archive.org/web/20191119144830/https://twitter.com/GovernorBullock,188676,2019-11-19 14:48:30
20191119155257,https://web.archive.org/web/20191119155257/https://www.twitter.com/GovernorBullock,188676,2019-11-19 15:52:57
20191119155257,https://web.archive.org/web/20191119155257/https://twitter.com/GovernorBullock,188676,2019-11-19 15:52:57
20191119165212,https://web.archive.org/web/20191119165212/https://www.twitter.com/GovernorBullock,188680,2019-11-19 16:52:12
20191119165212,https://web.archive.org/web/20191119165212/https://twitter.com/GovernorBullock,188680,2019-11-19 16:52:12
20191119175122,https://web.archive.org/web/20191119175122/https://www.twitter.com/GovernorBullock,188682,2019-11-19 17:51:22
20191119175122,https://web.archive.org/web/20191119175122/https://twitter.com/GovernorBullock,188682,2019-11-19 17:51:22
20191119181411,https://web.archive.org/web/20191119181411/https://www.twitter.com/GovernorBullock,188682,2019-11-19 18:14:11
20191119181411,https://web.archive.org/web/20191119181411/https://twitter.com/GovernorBullock,188682,2019-11-19 18:14:11
20191119184952,https://web.archive.org/web/20191119184952/https://www.twitter.com/GovernorBullock,188681,2019-11-19 18:49:52
20191119184952,https://web.archive.org/web/20191119184952/https://twitter.com/GovernorBullock,188681,2019-11-19 18:49:52
20191119201954,https://web.archive.org/web/20191119201954/https://www.twitter.com/GovernorBullock,188686,2019-11-19 20:19:54
20191119201954,https://web.archive.org/web/20191119201954/https://twitter.com/GovernorBullock,188686,2019-11-19 20:19:54
20191119215654,https://web.archive.org/web/20191119215654/https://twitter.com/GovernorBullock,188687,2019-11-19 21:56:54
20191119215703,https://web.archive.org/web/20191119215703/https://twitter.com/GovernorBullock,188687,2019-11-19 21:57:03
20191119224939,https://web.archive.org/web/20191119224939/https://www.twitter.com/GovernorBullock,188686,2019-11-19 22:49:39
20191119224939,https://web.archive.org/web/20191119224939/https://twitter.com/GovernorBullock,188686,2019-11-19 22:49:39
20191120000906,https://web.archive.org/web/20191120000906/https://www.twitter.com/GovernorBullock,188686,2019-11-20 00:09:06
20191120000906,https://web.archive.org/web/20191120000906/https://twitter.com/GovernorBullock,188686,2019-11-20 00:09:06
20191120014127,https://web.archive.org/web/20191120014127/https://www.twitter.com/GovernorBullock,188688,2019-11-20 01:41:27
20191120014127,https://web.archive.org/web/20191120014127/https://twitter.com/GovernorBullock,188688,2019-11-20 01:41:27
20191120014935,https://web.archive.org/web/20191120014935/https://twitter.com/GovernorBullock,188688,2019-11-20 01:49:35
20191120014939,https://web.archive.org/web/20191120014939/https://twitter.com/GovernorBullock,188688,2019-11-20 01:49:39
20191120041136,https://web.archive.org/web/20191120041136/https://twitter.com/GovernorBullock,188688,2019-11-20 04:11:36
20191120041140,https://web.archive.org/web/20191120041140/https://twitter.com/GovernorBullock,188688,2019-11-20 04:11:40
20191120051145,https://web.archive.org/web/20191120051145/https://twitter.com/GovernorBullock,188689,2019-11-20 05:11:45
20191120051149,https://web.archive.org/web/20191120051149/https://twitter.com/GovernorBullock,188689,2019-11-20 05:11:49
20191120054438,https://web.archive.org/web/20191120054438/https://twitter.com/GovernorBullock,188690,2019-11-20 05:44:38
20191120054446,https://web.archive.org/web/20191120054446/https://twitter.com/GovernorBullock,188690,2019-11-20 05:44:46
20191120062849,https://web.archive.org/web/20191120062849/https://twitter.com/GovernorBullock,188691,2019-11-20 06:28:49
20191120062853,https://web.archive.org/web/20191120062853/https://twitter.com/GovernorBullock,188691,2019-11-20 06:28:53
20191120093203,https://web.archive.org/web/20191120093203/https://twitter.com/GovernorBullock,188688,2019-11-20 09:32:03
20191120093213,https://web.archive.org/web/20191120093213/https://twitter.com/GovernorBullock,188688,2019-11-20 09:32:13
20191120141251,https://web.archive.org/web/20191120141251/https://www.twitter.com/GovernorBullock,188696,2019-11-20 14:12:51
20191120141251,https://web.archive.org/web/20191120141251/https://twitter.com/GovernorBullock,188696,2019-11-20 14:12:51
20191120152035,https://web.archive.org/web/20191120152035/https://twitter.com/GovernorBullock,188698,2019-11-20 15:20:35
20191120152308,https://web.archive.org/web/20191120152308/https://twitter.com/GovernorBullock,188698,2019-11-20 15:23:08
20191120153419,https://web.archive.org/web/20191120153419/https://twitter.com/GovernorBullock,188702,2019-11-20 15:34:19
20191120172759,https://web.archive.org/web/20191120172759/https://www.twitter.com/GovernorBullock,188709,2019-11-20 17:27:59
20191120172759,https://web.archive.org/web/20191120172759/https://twitter.com/GovernorBullock,188709,2019-11-20 17:27:59
20191120185209,https://web.archive.org/web/20191120185209/https://www.twitter.com/GovernorBullock,188712,2019-11-20 18:52:09
20191120185209,https://web.archive.org/web/20191120185209/https://twitter.com/GovernorBullock,188712,2019-11-20 18:52:09
20191120192741,https://web.archive.org/web/20191120192741/https://twitter.com/GovernorBullock,188711,2019-11-20 19:27:41
20191120192750,https://web.archive.org/web/20191120192750/https://twitter.com/GovernorBullock,188711,2019-11-20 19:27:50
20191120192942,https://web.archive.org/web/20191120192942/https://twitter.com/GovernorBullock,188711,2019-11-20 19:29:42
20191120192947,https://web.archive.org/web/20191120192947/https://twitter.com/GovernorBullock,188711,2019-11-20 19:29:47
20191120193250,https://web.archive.org/web/20191120193250/https://www.twitter.com/GovernorBullock,188709,2019-11-20 19:32:50
20191120193250,https://web.archive.org/web/20191120193250/https://twitter.com/GovernorBullock,188709,2019-11-20 19:32:50
20191120201106,https://web.archive.org/web/20191120201106/https://www.twitter.com/GovernorBullock,188711,2019-11-20 20:11:06
20191120201106,https://web.archive.org/web/20191120201106/https://twitter.com/GovernorBullock,188711,2019-11-20 20:11:06
20191120203545,https://web.archive.org/web/20191120203545/https://www.twitter.com/GovernorBullock,188711,2019-11-20 20:35:45
20191120203545,https://web.archive.org/web/20191120203545/https://twitter.com/GovernorBullock,188711,2019-11-20 20:35:45
20191120205122,https://web.archive.org/web/20191120205122/https://twitter.com/GovernorBullock,188710,2019-11-20 20:51:22
20191120205131,https://web.archive.org/web/20191120205131/https://twitter.com/GovernorBullock,188710,2019-11-20 20:51:31
20191120210259,https://web.archive.org/web/20191120210259/https://www.twitter.com/GovernorBullock,188711,2019-11-20 21:02:59
20191120210259,https://web.archive.org/web/20191120210259/https://twitter.com/GovernorBullock,188711,2019-11-20 21:02:59
20191120213019,https://web.archive.org/web/20191120213019/https://www.twitter.com/GovernorBullock,188705,2019-11-20 21:30:19
20191120213019,https://web.archive.org/web/20191120213019/https://twitter.com/GovernorBullock,188705,2019-11-20 21:30:19
20191120220037,https://web.archive.org/web/20191120220037/https://www.twitter.com/GovernorBullock,188706,2019-11-20 22:00:37
20191120220037,https://web.archive.org/web/20191120220037/https://twitter.com/GovernorBullock,188706,2019-11-20 22:00:37
20191120225218,https://web.archive.org/web/20191120225218/https://www.twitter.com/GovernorBullock,188705,2019-11-20 22:52:18
20191120225218,https://web.archive.org/web/20191120225218/https://twitter.com/GovernorBullock,188705,2019-11-20 22:52:18
20191120234405,https://web.archive.org/web/20191120234405/https://www.twitter.com/GovernorBullock,188705,2019-11-20 23:44:05
20191120234405,https://web.archive.org/web/20191120234405/https://twitter.com/GovernorBullock,188705,2019-11-20 23:44:05
20191121013815,https://web.archive.org/web/20191121013815/https://www.twitter.com/GovernorBullock,188710,2019-11-21 01:38:15
20191121013815,https://web.archive.org/web/20191121013815/https://twitter.com/GovernorBullock,188710,2019-11-21 01:38:15
20191121015159,https://web.archive.org/web/20191121015159/https://twitter.com/GovernorBullock,188711,2019-11-21 01:51:59
20191121015204,https://web.archive.org/web/20191121015204/https://twitter.com/GovernorBullock,188711,2019-11-21 01:52:04
20191121020311,https://web.archive.org/web/20191121020311/https://www.twitter.com/GovernorBullock,188712,2019-11-21 02:03:11
20191121020311,https://web.archive.org/web/20191121020311/https://twitter.com/GovernorBullock,188712,2019-11-21 02:03:11
20191121030636,https://web.archive.org/web/20191121030636/https://twitter.com/GovernorBullock,188717,2019-11-21 03:06:36
20191121030642,https://web.archive.org/web/20191121030642/https://twitter.com/GovernorBullock,188717,2019-11-21 03:06:42
20191121031312,https://web.archive.org/web/20191121031312/https://twitter.com/GovernorBullock,188717,2019-11-21 03:13:12
20191121031320,https://web.archive.org/web/20191121031320/https://twitter.com/GovernorBullock,188717,2019-11-21 03:13:20
20191121032540,https://web.archive.org/web/20191121032540/https://twitter.com/GovernorBullock,188717,2019-11-21 03:25:40
20191121170319,https://web.archive.org/web/20191121170319/https://twitter.com/GovernorBullock,188744,2019-11-21 17:03:19
20191121183442,https://web.archive.org/web/20191121183442/https://twitter.com/GovernorBullock,188748,2019-11-21 18:34:42
20191121193538,https://web.archive.org/web/20191121193538/https://twitter.com/GovernorBullock,188749,2019-11-21 19:35:38
20191121205717,https://web.archive.org/web/20191121205717/https://twitter.com/GovernorBullock,188749,2019-11-21 20:57:17
20191122012347,https://web.archive.org/web/20191122012347/https://twitter.com/GovernorBullock,188742,2019-11-22 01:23:47
20191122160218,https://web.archive.org/web/20191122160218/https://twitter.com/GovernorBullock,188745,2019-11-22 16:02:18
20191122164857,https://web.archive.org/web/20191122164857/https://twitter.com/GovernorBullock,188744,2019-11-22 16:48:57
20191122171943,https://web.archive.org/web/20191122171943/https://twitter.com/GovernorBullock,188743,2019-11-22 17:19:43
20191122190211,https://web.archive.org/web/20191122190211/https://twitter.com/GovernorBullock,188743,2019-11-22 19:02:11
20191122202447,https://web.archive.org/web/20191122202447/https://twitter.com/GovernorBullock,188743,2019-11-22 20:24:47
20191122222629,https://web.archive.org/web/20191122222629/https://twitter.com/GovernorBullock,188746,2019-11-22 22:26:29
20191122232222,https://web.archive.org/web/20191122232222/https://twitter.com/GovernorBullock,188746,2019-11-22 23:22:22
20191123002544,https://web.archive.org/web/20191123002544/https://twitter.com/GovernorBullock,188744,2019-11-23 00:25:44
20191123024333,https://web.archive.org/web/20191123024333/https://twitter.com/GovernorBullock,188746,2019-11-23 02:43:33
20191124223521,https://web.archive.org/web/20191124223521/https://twitter.com/GovernorBullock,188771,2019-11-24 22:35:21
20191124224816,https://web.archive.org/web/20191124224816/https://twitter.com/GovernorBullock,188773,2019-11-24 22:48:16
20191124232328,https://web.archive.org/web/20191124232328/https://twitter.com/GovernorBullock,188771,2019-11-24 23:23:28
20191124233503,https://web.archive.org/web/20191124233503/https://twitter.com/GovernorBullock,188771,2019-11-24 23:35:03
20191124235252,https://web.archive.org/web/20191124235252/https://twitter.com/GovernorBullock,188771,2019-11-24 23:52:52
20191125001823,https://web.archive.org/web/20191125001823/https://twitter.com/GovernorBullock,188775,2019-11-25 00:18:23
20191125010902,https://web.archive.org/web/20191125010902/https://twitter.com/GovernorBullock,188773,2019-11-25 01:09:02
20191125012150,https://web.archive.org/web/20191125012150/https://twitter.com/GovernorBullock,188774,2019-11-25 01:21:50
20191125015053,https://web.archive.org/web/20191125015053/https://twitter.com/GovernorBullock,188772,2019-11-25 01:50:53
20191125021248,https://web.archive.org/web/20191125021248/https://twitter.com/GovernorBullock,188773,2019-11-25 02:12:48
20191125022333,https://web.archive.org/web/20191125022333/https://twitter.com/GovernorBullock,188773,2019-11-25 02:23:33
20191125023447,https://web.archive.org/web/20191125023447/https://twitter.com/GovernorBullock,188773,2019-11-25 02:34:47
20191125024743,https://web.archive.org/web/20191125024743/https://twitter.com/GovernorBullock,188774,2019-11-25 02:47:43
20191125030532,https://web.archive.org/web/20191125030532/https://twitter.com/GovernorBullock,188776,2019-11-25 03:05:32
20191125042253,https://web.archive.org/web/20191125042253/https://twitter.com/GovernorBullock,188777,2019-11-25 04:22:53
20191125150435,https://web.archive.org/web/20191125150435/https://twitter.com/GovernorBullock,188782,2019-11-25 15:04:35
20191125155332,https://web.archive.org/web/20191125155332/https://twitter.com/GovernorBullock,188784,2019-11-25 15:53:32
20191125164219,https://web.archive.org/web/20191125164219/https://twitter.com/GovernorBullock,188781,2019-11-25 16:42:19
20191125175622,https://web.archive.org/web/20191125175622/https://twitter.com/GovernorBullock,188785,2019-11-25 17:56:22
20191125192847,https://web.archive.org/web/20191125192847/https://twitter.com/GovernorBullock,188783,2019-11-25 19:28:47
20191125204023,https://web.archive.org/web/20191125204023/https://twitter.com/GovernorBullock,188784,2019-11-25 20:40:23
20191125212747,https://web.archive.org/web/20191125212747/https://twitter.com/GovernorBullock,188785,2019-11-25 21:27:47
20191126011145,https://web.archive.org/web/20191126011145/https://twitter.com/GovernorBullock,188788,2019-11-26 01:11:45
20191126012344,https://web.archive.org/web/20191126012344/https://twitter.com/GovernorBullock,188788,2019-11-26 01:23:44
20191126015632,https://web.archive.org/web/20191126015632/https://twitter.com/GovernorBullock,188790,2019-11-26 01:56:32
20191126031713,https://web.archive.org/web/20191126031713/https://twitter.com/GovernorBullock,188789,2019-11-26 03:17:13
20191126064923,https://web.archive.org/web/20191126064923/https://twitter.com/GovernorBullock,188792,2019-11-26 06:49:23
20191126071549,https://web.archive.org/web/20191126071549/https://twitter.com/GovernorBullock,188792,2019-11-26 07:15:49
20191127055022,https://web.archive.org/web/20191127055022/https://twitter.com/GovernorBullock,188777,2019-11-27 05:50:22
20191127055025,https://web.archive.org/web/20191127055025/https://twitter.com/GovernorBullock,188777,2019-11-27 05:50:25
20191127064133,https://web.archive.org/web/20191127064133/https://twitter.com/GovernorBullock,188778,2019-11-27 06:41:33
20191127064136,https://web.archive.org/web/20191127064136/https://twitter.com/GovernorBullock,188778,2019-11-27 06:41:36
20191127075155,https://web.archive.org/web/20191127075155/https://twitter.com/GovernorBullock,188774,2019-11-27 07:51:55
20191127075158,https://web.archive.org/web/20191127075158/https://twitter.com/GovernorBullock,188774,2019-11-27 07:51:58
20191127100935,https://web.archive.org/web/20191127100935/https://twitter.com/GovernorBullock,188775,2019-11-27 10:09:35
20191127100945,https://web.archive.org/web/20191127100945/https://twitter.com/GovernorBullock,188775,2019-11-27 10:09:45
20191127110457,https://web.archive.org/web/20191127110457/https://twitter.com/GovernorBullock,188775,2019-11-27 11:04:57
20191127110500,https://web.archive.org/web/20191127110500/https://twitter.com/GovernorBullock,188775,2019-11-27 11:05:00
20191127111924,https://web.archive.org/web/20191127111924/https://twitter.com/GovernorBullock,188775,2019-11-27 11:19:24
20191127111927,https://web.archive.org/web/20191127111927/https://twitter.com/GovernorBullock,188775,2019-11-27 11:19:27
20191127134450,https://web.archive.org/web/20191127134450/https://twitter.com/GovernorBullock,188776,2019-11-27 13:44:50
20191127134456,https://web.archive.org/web/20191127134456/https://twitter.com/GovernorBullock,188776,2019-11-27 13:44:56
20191127175551,https://web.archive.org/web/20191127175551/https://twitter.com/GovernorBullock,188778,2019-11-27 17:55:51
20191127175556,https://web.archive.org/web/20191127175556/https://twitter.com/GovernorBullock,188778,2019-11-27 17:55:56
20191127193428,https://web.archive.org/web/20191127193428/https://twitter.com/GovernorBullock,188779,2019-11-27 19:34:28
20191127193432,https://web.archive.org/web/20191127193432/https://twitter.com/GovernorBullock,188779,2019-11-27 19:34:32
20191127214950,https://web.archive.org/web/20191127214950/https://twitter.com/GovernorBullock,188781,2019-11-27 21:49:50
20191127214953,https://web.archive.org/web/20191127214953/https://twitter.com/GovernorBullock,188781,2019-11-27 21:49:53
20191127220735,https://web.archive.org/web/20191127220735/https://twitter.com/GovernorBullock,188781,2019-11-27 22:07:35
20191127220738,https://web.archive.org/web/20191127220738/https://twitter.com/GovernorBullock,188781,2019-11-27 22:07:38
20191127225156,https://web.archive.org/web/20191127225156/https://twitter.com/GovernorBullock,188783,2019-11-27 22:51:56
20191127225200,https://web.archive.org/web/20191127225200/https://twitter.com/GovernorBullock,188783,2019-11-27 22:52:00
20191127225744,https://web.archive.org/web/20191127225744/https://twitter.com/GovernorBullock,188783,2019-11-27 22:57:44
20191127225748,https://web.archive.org/web/20191127225748/https://twitter.com/GovernorBullock,188783,2019-11-27 22:57:48
20191128030547,https://web.archive.org/web/20191128030547/https://twitter.com/GovernorBullock,188787,2019-11-28 03:05:47
20191128030551,https://web.archive.org/web/20191128030551/https://twitter.com/GovernorBullock,188787,2019-11-28 03:05:51
20191128032912,https://web.archive.org/web/20191128032912/https://twitter.com/GovernorBullock,188787,2019-11-28 03:29:12
20191128032916,https://web.archive.org/web/20191128032916/https://twitter.com/GovernorBullock,188787,2019-11-28 03:29:16
20191129001658,https://web.archive.org/web/20191129001658/https://twitter.com/GovernorBullock,188785,2019-11-29 00:16:58
20191129001705,https://web.archive.org/web/20191129001705/https://twitter.com/GovernorBullock,188785,2019-11-29 00:17:05
20191204015625,https://web.archive.org/web/20191204015625/https://twitter.com/GovernorBullock,189114,2019-12-04 01:56:25
20191204015640,https://web.archive.org/web/20191204015640/https://twitter.com/GovernorBullock,189114,2019-12-04 01:56:40
20191204023547,https://web.archive.org/web/20191204023547/https://twitter.com/GovernorBullock,189116,2019-12-04 02:35:47
20191204023551,https://web.archive.org/web/20191204023551/https://twitter.com/GovernorBullock,189116,2019-12-04 02:35:51
20191204040102,https://web.archive.org/web/20191204040102/https://twitter.com/GovernorBullock,189113,2019-12-04 04:01:02
20191204040107,https://web.archive.org/web/20191204040107/https://twitter.com/GovernorBullock,189113,2019-12-04 04:01:07
20191204072655,https://web.archive.org/web/20191204072655/https://twitter.com/GovernorBullock,189114,2019-12-04 07:26:55
20191204072700,https://web.archive.org/web/20191204072700/https://twitter.com/GovernorBullock,189114,2019-12-04 07:27:00
20191204110302,https://web.archive.org/web/20191204110302/https://twitter.com/GovernorBullock,189108,2019-12-04 11:03:02
20191204110308,https://web.archive.org/web/20191204110308/https://twitter.com/GovernorBullock,189108,2019-12-04 11:03:08
20191204115301,https://web.archive.org/web/20191204115301/https://twitter.com/GovernorBullock,189104,2019-12-04 11:53:01
20191204115304,https://web.archive.org/web/20191204115304/https://twitter.com/GovernorBullock,189104,2019-12-04 11:53:04
20191204153907,https://web.archive.org/web/20191204153907/https://twitter.com/GovernorBullock,189104,2019-12-04 15:39:07
20191204153911,https://web.archive.org/web/20191204153911/https://twitter.com/GovernorBullock,189104,2019-12-04 15:39:11
20191204190802,https://web.archive.org/web/20191204190802/https://twitter.com/GovernorBullock,189107,2019-12-04 19:08:02
20191204190807,https://web.archive.org/web/20191204190807/https://twitter.com/GovernorBullock,189107,2019-12-04 19:08:07
20191204205448,https://web.archive.org/web/20191204205448/https://twitter.com/GovernorBullock,189102,2019-12-04 20:54:48
20191204205453,https://web.archive.org/web/20191204205453/https://twitter.com/GovernorBullock,189102,2019-12-04 20:54:53
20191205015326,https://web.archive.org/web/20191205015326/https://twitter.com/GovernorBullock,189099,2019-12-05 01:53:26
20191205015337,https://web.archive.org/web/20191205015337/https://twitter.com/GovernorBullock,189099,2019-12-05 01:53:37
20191205020140,https://web.archive.org/web/20191205020140/https://twitter.com/GovernorBullock,189100,2019-12-05 02:01:40
20191205020146,https://web.archive.org/web/20191205020146/https://twitter.com/GovernorBullock,189100,2019-12-05 02:01:46
20191205054622,https://web.archive.org/web/20191205054622/https://twitter.com/GovernorBullock,189095,2019-12-05 05:46:22
20191205054628,https://web.archive.org/web/20191205054628/https://twitter.com/GovernorBullock,189095,2019-12-05 05:46:28
20191205093712,https://web.archive.org/web/20191205093712/https://twitter.com/GovernorBullock,189090,2019-12-05 09:37:12
20191205093718,https://web.archive.org/web/20191205093718/https://twitter.com/GovernorBullock,189090,2019-12-05 09:37:18
20191205100533,https://web.archive.org/web/20191205100533/https://twitter.com/GovernorBullock,189093,2019-12-05 10:05:33
20191205100543,https://web.archive.org/web/20191205100543/https://twitter.com/GovernorBullock,189093,2019-12-05 10:05:43
20191205103745,https://web.archive.org/web/20191205103745/https://twitter.com/GovernorBullock,189093,2019-12-05 10:37:45
20191205103752,https://web.archive.org/web/20191205103752/https://twitter.com/GovernorBullock,189093,2019-12-05 10:37:52
20191205130550,https://web.archive.org/web/20191205130550/https://twitter.com/GovernorBullock,189090,2019-12-05 13:05:50
20191205130557,https://web.archive.org/web/20191205130557/https://twitter.com/GovernorBullock,189090,2019-12-05 13:05:57
20191205182523,https://web.archive.org/web/20191205182523/https://twitter.com/GovernorBullock,189094,2019-12-05 18:25:23
20191210195429,https://web.archive.org/web/20191210195429/https://twitter.com/GovernorBullock,189089,2019-12-10 19:54:29
20191210195434,https://web.archive.org/web/20191210195434/https://twitter.com/GovernorBullock,189089,2019-12-10 19:54:34
20191210225716,https://web.archive.org/web/20191210225716/https://twitter.com/GovernorBullock,189093,2019-12-10 22:57:16
20191210225720,https://web.archive.org/web/20191210225720/https://twitter.com/GovernorBullock,189093,2019-12-10 22:57:20
20191210230337,https://web.archive.org/web/20191210230337/https://twitter.com/GovernorBullock,189093,2019-12-10 23:03:37
20191210230355,https://web.archive.org/web/20191210230355/https://twitter.com/GovernorBullock,189093,2019-12-10 23:03:55
20191210230406,https://web.archive.org/web/20191210230406/https://twitter.com/GovernorBullock,189093,2019-12-10 23:04:06
20191210230411,https://web.archive.org/web/20191210230411/https://twitter.com/GovernorBullock,189093,2019-12-10 23:04:11
20191211012414,https://web.archive.org/web/20191211012414/https://twitter.com/GovernorBullock,189091,2019-12-11 01:24:14
20191211012418,https://web.archive.org/web/20191211012418/https://twitter.com/GovernorBullock,189091,2019-12-11 01:24:18
20191211055114,https://web.archive.org/web/20191211055114/https://twitter.com/GovernorBullock,189090,2019-12-11 05:51:14
20191211055121,https://web.archive.org/web/20191211055121/https://twitter.com/GovernorBullock,189090,2019-12-11 05:51:21
20191211065823,https://web.archive.org/web/20191211065823/https://twitter.com/GovernorBullock,189094,2019-12-11 06:58:23
20191211065828,https://web.archive.org/web/20191211065828/https://twitter.com/GovernorBullock,189094,2019-12-11 06:58:28
20191211094142,https://web.archive.org/web/20191211094142/https://twitter.com/GovernorBullock,189096,2019-12-11 09:41:42
20191211094149,https://web.archive.org/web/20191211094149/https://twitter.com/GovernorBullock,189096,2019-12-11 09:41:49
20191211133718,https://web.archive.org/web/20191211133718/https://twitter.com/GovernorBullock,189105,2019-12-11 13:37:18
20191211133721,https://web.archive.org/web/20191211133721/https://twitter.com/GovernorBullock,189105,2019-12-11 13:37:21
20191211150838,https://web.archive.org/web/20191211150838/https://twitter.com/GovernorBullock,189101,2019-12-11 15:08:38
20191211150856,https://web.archive.org/web/20191211150856/https://twitter.com/GovernorBullock,189101,2019-12-11 15:08:56
20191212000831,https://web.archive.org/web/20191212000831/https://twitter.com/GovernorBullock,189097,2019-12-12 00:08:31
20191212000835,https://web.archive.org/web/20191212000835/https://twitter.com/GovernorBullock,189097,2019-12-12 00:08:35
20191212011341,https://web.archive.org/web/20191212011341/https://twitter.com/GovernorBullock,189097,2019-12-12 01:13:41
20191212011345,https://web.archive.org/web/20191212011345/https://twitter.com/GovernorBullock,189097,2019-12-12 01:13:45
20191212045330,https://web.archive.org/web/20191212045330/https://twitter.com/GovernorBullock,189092,2019-12-12 04:53:30
20191212045352,https://web.archive.org/web/20191212045352/https://twitter.com/GovernorBullock,189092,2019-12-12 04:53:52
20191212052333,https://web.archive.org/web/20191212052333/https://twitter.com/GovernorBullock,189092,2019-12-12 05:23:33
20191212052340,https://web.archive.org/web/20191212052340/https://twitter.com/GovernorBullock,189092,2019-12-12 05:23:40
20191212060111,https://web.archive.org/web/20191212060111/https://twitter.com/GovernorBullock,189095,2019-12-12 06:01:11
20191212060115,https://web.archive.org/web/20191212060115/https://twitter.com/GovernorBullock,189095,2019-12-12 06:01:15
20191212061347,https://web.archive.org/web/20191212061347/https://twitter.com/GovernorBullock,189095,2019-12-12 06:13:47
20191213145652,https://web.archive.org/web/20191213145652/https://twitter.com/GovernorBullock,189120,2019-12-13 14:56:52
20191213145658,https://web.archive.org/web/20191213145658/https://twitter.com/GovernorBullock,189120,2019-12-13 14:56:58
20191213191215,https://web.archive.org/web/20191213191215/https://twitter.com/GovernorBullock,189121,2019-12-13 19:12:15
20191213191224,https://web.archive.org/web/20191213191224/https://twitter.com/GovernorBullock,189121,2019-12-13 19:12:24
20191217215555,https://web.archive.org/web/20191217215555/https://twitter.com/GovernorBullock,189174,2019-12-17 21:55:55
20191217215600,https://web.archive.org/web/20191217215600/https://twitter.com/GovernorBullock,189174,2019-12-17 21:56:00
20191217231124,https://web.archive.org/web/20191217231124/https://twitter.com/GovernorBullock,189172,2019-12-17 23:11:24
20191217231129,https://web.archive.org/web/20191217231129/https://twitter.com/GovernorBullock,189172,2019-12-17 23:11:29
20191217231314,https://web.archive.org/web/20191217231314/https://twitter.com/GovernorBullock,189172,2019-12-17 23:13:14
20191217231318,https://web.archive.org/web/20191217231318/https://twitter.com/GovernorBullock,189172,2019-12-17 23:13:18
20191218005013,https://web.archive.org/web/20191218005013/https://twitter.com/GovernorBullock,189168,2019-12-18 00:50:13
20191218005019,https://web.archive.org/web/20191218005019/https://twitter.com/GovernorBullock,189168,2019-12-18 00:50:19
20191218023658,https://web.archive.org/web/20191218023658/https://twitter.com/GovernorBullock,189172,2019-12-18 02:36:58
20191218023702,https://web.archive.org/web/20191218023702/https://twitter.com/GovernorBullock,189172,2019-12-18 02:37:02
20191218064626,https://web.archive.org/web/20191218064626/https://twitter.com/GovernorBullock,189175,2019-12-18 06:46:26
20191218064631,https://web.archive.org/web/20191218064631/https://twitter.com/GovernorBullock,189175,2019-12-18 06:46:31
20191218133956,https://web.archive.org/web/20191218133956/https://twitter.com/GovernorBullock,189172,2019-12-18 13:39:56
20191218134002,https://web.archive.org/web/20191218134002/https://twitter.com/GovernorBullock,189172,2019-12-18 13:40:02
20191218135949,https://web.archive.org/web/20191218135949/https://twitter.com/GovernorBullock,189171,2019-12-18 13:59:49
20191218140015,https://web.archive.org/web/20191218140015/https://twitter.com/GovernorBullock,189171,2019-12-18 14:00:15
20191218161343,https://web.archive.org/web/20191218161343/https://twitter.com/GovernorBullock,189170,2019-12-18 16:13:43
20191218161348,https://web.archive.org/web/20191218161348/https://twitter.com/GovernorBullock,189170,2019-12-18 16:13:48
20191218184327,https://web.archive.org/web/20191218184327/https://twitter.com/GovernorBullock,189169,2019-12-18 18:43:27
20191218184336,https://web.archive.org/web/20191218184336/https://twitter.com/GovernorBullock,189169,2019-12-18 18:43:36
20191219015440,https://web.archive.org/web/20191219015440/https://twitter.com/GovernorBullock,189179,2019-12-19 01:54:40
20191219015445,https://web.archive.org/web/20191219015445/https://twitter.com/GovernorBullock,189179,2019-12-19 01:54:45
20191219015501,https://web.archive.org/web/20191219015501/https://twitter.com/GovernorBullock,189179,2019-12-19 01:55:01
20191219015508,https://web.archive.org/web/20191219015508/https://twitter.com/GovernorBullock,189179,2019-12-19 01:55:08
20191219021249,https://web.archive.org/web/20191219021249/https://twitter.com/GovernorBullock,189179,2019-12-19 02:12:49
20191219021254,https://web.archive.org/web/20191219021254/https://twitter.com/GovernorBullock,189179,2019-12-19 02:12:54
20191219085106,https://web.archive.org/web/20191219085106/https://twitter.com/GovernorBullock,189170,2019-12-19 08:51:06
20191219085111,https://web.archive.org/web/20191219085111/https://twitter.com/GovernorBullock,189170,2019-12-19 08:51:11
20191219093701,https://web.archive.org/web/20191219093701/https://twitter.com/GovernorBullock,189170,2019-12-19 09:37:01
20191219093708,https://web.archive.org/web/20191219093708/https://twitter.com/GovernorBullock,189169,2019-12-19 09:37:08
20191219103625,https://web.archive.org/web/20191219103625/https://twitter.com/GovernorBullock,189169,2019-12-19 10:36:25
20191219103634,https://web.archive.org/web/20191219103634/https://twitter.com/GovernorBullock,189169,2019-12-19 10:36:34
20191219111945,https://web.archive.org/web/20191219111945/https://twitter.com/GovernorBullock,189168,2019-12-19 11:19:45
20191219111950,https://web.archive.org/web/20191219111950/https://twitter.com/GovernorBullock,189168,2019-12-19 11:19:50
20191219113951,https://web.archive.org/web/20191219113951/https://twitter.com/GovernorBullock,189167,2019-12-19 11:39:51
20191219113956,https://web.archive.org/web/20191219113956/https://twitter.com/GovernorBullock,189167,2019-12-19 11:39:56
20191224182051,https://web.archive.org/web/20191224182051/https://twitter.com/GovernorBullock,189092,2019-12-24 18:20:51
20191224182058,https://web.archive.org/web/20191224182058/https://twitter.com/GovernorBullock,189092,2019-12-24 18:20:58
20191224204713,https://web.archive.org/web/20191224204713/https://twitter.com/GovernorBullock,189090,2019-12-24 20:47:13
20191224204729,https://web.archive.org/web/20191224204729/https://twitter.com/GovernorBullock,189090,2019-12-24 20:47:29
20191224233208,https://web.archive.org/web/20191224233208/https://twitter.com/GovernorBullock,189089,2019-12-24 23:32:08
20191224233212,https://web.archive.org/web/20191224233212/https://twitter.com/GovernorBullock,189089,2019-12-24 23:32:12
20191225013723,https://web.archive.org/web/20191225013723/https://twitter.com/GovernorBullock,189088,2019-12-25 01:37:23
20191225013726,https://web.archive.org/web/20191225013726/https://twitter.com/GovernorBullock,189088,2019-12-25 01:37:26
20191225020840,https://web.archive.org/web/20191225020840/https://twitter.com/GovernorBullock,189088,2019-12-25 02:08:40
20191225022554,https://web.archive.org/web/20191225022554/https://twitter.com/GovernorBullock,189088,2019-12-25 02:25:54
20191225022606,https://web.archive.org/web/20191225022606/https://twitter.com/GovernorBullock,189088,2019-12-25 02:26:06
20191225025754,https://web.archive.org/web/20191225025754/https://twitter.com/GovernorBullock,189087,2019-12-25 02:57:54
20191225025759,https://web.archive.org/web/20191225025759/https://twitter.com/GovernorBullock,189087,2019-12-25 02:57:59
20191225035126,https://web.archive.org/web/20191225035126/https://twitter.com/GovernorBullock,189087,2019-12-25 03:51:26
20191225035141,https://web.archive.org/web/20191225035141/https://twitter.com/GovernorBullock,189087,2019-12-25 03:51:41
20191225054243,https://web.archive.org/web/20191225054243/https://twitter.com/GovernorBullock,189086,2019-12-25 05:42:43
20191225054247,https://web.archive.org/web/20191225054247/https://twitter.com/GovernorBullock,189086,2019-12-25 05:42:47
20191225061307,https://web.archive.org/web/20191225061307/https://twitter.com/GovernorBullock,189086,2019-12-25 06:13:07
20191225062127,https://web.archive.org/web/20191225062127/https://twitter.com/GovernorBullock,189086,2019-12-25 06:21:27
20191225230958,https://web.archive.org/web/20191225230958/https://twitter.com/GovernorBullock,189062,2019-12-25 23:09:58
20191225231003,https://web.archive.org/web/20191225231003/https://twitter.com/GovernorBullock,189062,2019-12-25 23:10:03
20191226022914,https://web.archive.org/web/20191226022914/https://twitter.com/GovernorBullock,189061,2019-12-26 02:29:14
20191226022921,https://web.archive.org/web/20191226022921/https://twitter.com/GovernorBullock,189061,2019-12-26 02:29:21
20191226042539,https://web.archive.org/web/20191226042539/https://twitter.com/GovernorBullock,189057,2019-12-26 04:25:39
20191226042544,https://web.archive.org/web/20191226042544/https://twitter.com/GovernorBullock,189057,2019-12-26 04:25:44
20191226051210,https://web.archive.org/web/20191226051210/https://twitter.com/GovernorBullock,189057,2019-12-26 05:12:10
20191226051917,https://web.archive.org/web/20191226051917/https://twitter.com/GovernorBullock,189057,2019-12-26 05:19:17
20191226055402,https://web.archive.org/web/20191226055402/https://twitter.com/GovernorBullock,189054,2019-12-26 05:54:02
20191226055407,https://web.archive.org/web/20191226055407/https://twitter.com/GovernorBullock,189054,2019-12-26 05:54:07
20191226102345,https://web.archive.org/web/20191226102345/https://twitter.com/GovernorBullock,189051,2019-12-26 10:23:45
20191226103004,https://web.archive.org/web/20191226103004/https://twitter.com/GovernorBullock,189051,2019-12-26 10:30:04
20191226112718,https://web.archive.org/web/20191226112718/https://twitter.com/GovernorBullock,189051,2019-12-26 11:27:18
20191226112739,https://web.archive.org/web/20191226112739/https://twitter.com/GovernorBullock,189051,2019-12-26 11:27:39
20191226113453,https://web.archive.org/web/20191226113453/https://twitter.com/GovernorBullock,189052,2019-12-26 11:34:53
20191226113456,https://web.archive.org/web/20191226113456/https://twitter.com/GovernorBullock,189052,2019-12-26 11:34:56
20191226114717,https://web.archive.org/web/20191226114717/https://twitter.com/GovernorBullock,189051,2019-12-26 11:47:17
20191227231536,https://web.archive.org/web/20191227231536/https://twitter.com/GovernorBullock,189021,2019-12-27 23:15:36
20191227231540,https://web.archive.org/web/20191227231540/https://twitter.com/GovernorBullock,189021,2019-12-27 23:15:40
20191231200150,https://web.archive.org/web/20191231200150/https://twitter.com/GovernorBullock,188947,2019-12-31 20:01:50
20191231200154,https://web.archive.org/web/20191231200154/https://twitter.com/GovernorBullock,188947,2019-12-31 20:01:54
20191231200802,https://web.archive.org/web/20191231200802/https://twitter.com/GovernorBullock,188946,2019-12-31 20:08:02
20191231200808,https://web.archive.org/web/20191231200808/https://twitter.com/GovernorBullock,188946,2019-12-31 20:08:08
20191231214417,https://web.archive.org/web/20191231214417/https://twitter.com/GovernorBullock,188948,2019-12-31 21:44:17
20191231214433,https://web.archive.org/web/20191231214433/https://twitter.com/GovernorBullock,188948,2019-12-31 21:44:33
20200101012400,https://web.archive.org/web/20200101012400/https://twitter.com/GovernorBullock,188949,2020-01-01 01:24:00
20200101012405,https://web.archive.org/web/20200101012405/https://twitter.com/GovernorBullock,188949,2020-01-01 01:24:05
20200101073731,https://web.archive.org/web/20200101073731/https://twitter.com/GovernorBullock,188949,2020-01-01 07:37:31
20200101073735,https://web.archive.org/web/20200101073735/https://twitter.com/GovernorBullock,188949,2020-01-01 07:37:35
20200101075144,https://web.archive.org/web/20200101075144/https://twitter.com/GovernorBullock,188949,2020-01-01 07:51:44
20200101075149,https://web.archive.org/web/20200101075149/https://twitter.com/GovernorBullock,188949,2020-01-01 07:51:49
20200101093523,https://web.archive.org/web/20200101093523/https://twitter.com/GovernorBullock,188947,2020-01-01 09:35:23
20200101093526,https://web.archive.org/web/20200101093526/https://twitter.com/GovernorBullock,188947,2020-01-01 09:35:26
20200101095557,https://web.archive.org/web/20200101095557/https://twitter.com/GovernorBullock,188947,2020-01-01 09:55:57
20200101095605,https://web.archive.org/web/20200101095605/https://twitter.com/GovernorBullock,188947,2020-01-01 09:56:05
20200101113138,https://web.archive.org/web/20200101113138/https://twitter.com/GovernorBullock,188946,2020-01-01 11:31:38
20200101113142,https://web.archive.org/web/20200101113142/https://twitter.com/GovernorBullock,188946,2020-01-01 11:31:42
20200101130614,https://web.archive.org/web/20200101130614/https://twitter.com/GovernorBullock,188947,2020-01-01 13:06:14
20200101130618,https://web.archive.org/web/20200101130618/https://twitter.com/GovernorBullock,188947,2020-01-01 13:06:18
20200101131234,https://web.archive.org/web/20200101131234/https://twitter.com/GovernorBullock,188947,2020-01-01 13:12:34
20200101131238,https://web.archive.org/web/20200101131238/https://twitter.com/GovernorBullock,188947,2020-01-01 13:12:38
20200101132110,https://web.archive.org/web/20200101132110/https://twitter.com/governorbullock,188865,2020-01-01 13:21:10
20200101142305,https://web.archive.org/web/20200101142305/https://twitter.com/GovernorBullock,188946,2020-01-01 14:23:05
20200101142312,https://web.archive.org/web/20200101142312/https://twitter.com/GovernorBullock,188946,2020-01-01 14:23:12
20200101150809,https://web.archive.org/web/20200101150809/https://twitter.com/GovernorBullock,188946,2020-01-01 15:08:09
20200101150813,https://web.archive.org/web/20200101150813/https://twitter.com/GovernorBullock,188946,2020-01-01 15:08:13
20200101152224,https://web.archive.org/web/20200101152224/https://twitter.com/GovernorBullock,188946,2020-01-01 15:22:24
20200101161108,https://web.archive.org/web/20200101161108/https://twitter.com/GovernorBullock,188947,2020-01-01 16:11:08
20200101161121,https://web.archive.org/web/20200101161121/https://twitter.com/GovernorBullock,188947,2020-01-01 16:11:21
20200101172209,https://web.archive.org/web/20200101172209/https://twitter.com/GovernorBullock,188943,2020-01-01 17:22:09
20200101172214,https://web.archive.org/web/20200101172214/https://twitter.com/GovernorBullock,188943,2020-01-01 17:22:14
20200101180121,https://web.archive.org/web/20200101180121/https://twitter.com/GovernorBullock,188943,2020-01-01 18:01:21
20200101180126,https://web.archive.org/web/20200101180126/https://twitter.com/GovernorBullock,188943,2020-01-01 18:01:26
20200101195954,https://web.archive.org/web/20200101195954/https://twitter.com/GovernorBullock,188938,2020-01-01 19:59:54
20200101195958,https://web.archive.org/web/20200101195958/https://twitter.com/GovernorBullock,188938,2020-01-01 19:59:58
20200101202951,https://web.archive.org/web/20200101202951/https://twitter.com/GovernorBullock,188930,2020-01-01 20:29:51
20200101235726,https://web.archive.org/web/20200101235726/https://twitter.com/GovernorBullock,188928,2020-01-01 23:57:26
20200101235744,https://web.archive.org/web/20200101235744/https://twitter.com/GovernorBullock,188928,2020-01-01 23:57:44
20200102073232,https://web.archive.org/web/20200102073232/https://twitter.com/GovernorBullock,188915,2020-01-02 07:32:32
20200102073236,https://web.archive.org/web/20200102073236/https://twitter.com/GovernorBullock,188915,2020-01-02 07:32:36
20200103163932,https://web.archive.org/web/20200103163932/https://twitter.com/GovernorBullock,188899,2020-01-03 16:39:32
20200108022447,https://web.archive.org/web/20200108022447/https://twitter.com/GovernorBullock,188813,2020-01-08 02:24:47
20200108022452,https://web.archive.org/web/20200108022452/https://twitter.com/GovernorBullock,188813,2020-01-08 02:24:52
20200108024124,https://web.archive.org/web/20200108024124/https://twitter.com/GovernorBullock,188810,2020-01-08 02:41:24
20200108024128,https://web.archive.org/web/20200108024128/https://twitter.com/GovernorBullock,188810,2020-01-08 02:41:28
20200108030503,https://web.archive.org/web/20200108030503/https://twitter.com/GovernorBullock,188809,2020-01-08 03:05:03
20200108030507,https://web.archive.org/web/20200108030507/https://twitter.com/GovernorBullock,188809,2020-01-08 03:05:07
20200108043541,https://web.archive.org/web/20200108043541/https://twitter.com/GovernorBullock,188807,2020-01-08 04:35:41
20200108053833,https://web.archive.org/web/20200108053833/https://twitter.com/GovernorBullock,188805,2020-01-08 05:38:33
20200108053840,https://web.archive.org/web/20200108053840/https://twitter.com/GovernorBullock,188805,2020-01-08 05:38:40
20200108060446,https://web.archive.org/web/20200108060446/https://twitter.com/GovernorBullock,188805,2020-01-08 06:04:46
20200108060451,https://web.archive.org/web/20200108060451/https://twitter.com/GovernorBullock,188805,2020-01-08 06:04:51
20200108175032,https://web.archive.org/web/20200108175032/https://twitter.com/GovernorBullock,188802,2020-01-08 17:50:32
20200108175039,https://web.archive.org/web/20200108175039/https://twitter.com/GovernorBullock,188802,2020-01-08 17:50:39
20200108193319,https://web.archive.org/web/20200108193319/https://twitter.com/GovernorBullock,188798,2020-01-08 19:33:19
20200108193326,https://web.archive.org/web/20200108193326/https://twitter.com/GovernorBullock,188798,2020-01-08 19:33:26
20200108225722,https://web.archive.org/web/20200108225722/https://twitter.com/GovernorBullock,188796,2020-01-08 22:57:22
20200108225725,https://web.archive.org/web/20200108225725/https://twitter.com/GovernorBullock,188796,2020-01-08 22:57:25
20200109045444,https://web.archive.org/web/20200109045444/https://twitter.com/GovernorBullock,188792,2020-01-09 04:54:44
20200109045448,https://web.archive.org/web/20200109045448/https://twitter.com/GovernorBullock,188792,2020-01-09 04:54:48
20200109092313,https://web.archive.org/web/20200109092313/https://twitter.com/GovernorBullock,188798,2020-01-09 09:23:13
20200109092317,https://web.archive.org/web/20200109092317/https://twitter.com/GovernorBullock,188798,2020-01-09 09:23:17
20200109105941,https://web.archive.org/web/20200109105941/https://twitter.com/GovernorBullock,188798,2020-01-09 10:59:41
20200109105949,https://web.archive.org/web/20200109105949/https://twitter.com/GovernorBullock,188798,2020-01-09 10:59:49
20200109143832,https://web.archive.org/web/20200109143832/https://twitter.com/GovernorBullock,188801,2020-01-09 14:38:32
20200109143836,https://web.archive.org/web/20200109143836/https://twitter.com/GovernorBullock,188801,2020-01-09 14:38:36
20200109173057,https://web.archive.org/web/20200109173057/https://twitter.com/GovernorBullock,188801,2020-01-09 17:30:57
20200109173109,https://web.archive.org/web/20200109173109/https://twitter.com/GovernorBullock,188801,2020-01-09 17:31:09
20200109181437,https://web.archive.org/web/20200109181437/https://twitter.com/GovernorBullock,188800,2020-01-09 18:14:37
20200109181444,https://web.archive.org/web/20200109181444/https://twitter.com/GovernorBullock,188800,2020-01-09 18:14:44
20200109192513,https://web.archive.org/web/20200109192513/https://twitter.com/GovernorBullock,188803,2020-01-09 19:25:13
20200109192519,https://web.archive.org/web/20200109192519/https://twitter.com/GovernorBullock,188803,2020-01-09 19:25:19
20200109215806,https://web.archive.org/web/20200109215806/https://twitter.com/GovernorBullock,188798,2020-01-09 21:58:06
20200109215811,https://web.archive.org/web/20200109215811/https://twitter.com/GovernorBullock,188798,2020-01-09 21:58:11
20200109233955,https://web.archive.org/web/20200109233955/https://twitter.com/GovernorBullock,188798,2020-01-09 23:39:55
20200109233959,https://web.archive.org/web/20200109233959/https://twitter.com/GovernorBullock,188798,2020-01-09 23:39:59
20200110140631,https://web.archive.org/web/20200110140631/https://twitter.com/GovernorBullock,188791,2020-01-10 14:06:31
20200110140636,https://web.archive.org/web/20200110140636/https://twitter.com/GovernorBullock,188791,2020-01-10 14:06:36
20200111062923,https://web.archive.org/web/20200111062923/https://twitter.com/GovernorBullock,188782,2020-01-11 06:29:23
20200111062928,https://web.archive.org/web/20200111062928/https://twitter.com/GovernorBullock,188782,2020-01-11 06:29:28
20200111120755,https://web.archive.org/web/20200111120755/https://twitter.com/GovernorBullock,188780,2020-01-11 12:07:55
20200111120803,https://web.archive.org/web/20200111120803/https://twitter.com/GovernorBullock,188780,2020-01-11 12:08:03
20200114231335,https://web.archive.org/web/20200114231335/https://twitter.com/GovernorBullock,188742,2020-01-14 23:13:35
20200114231403,https://web.archive.org/web/20200114231403/https://twitter.com/GovernorBullock,188742,2020-01-14 23:14:03
20200115074432,https://web.archive.org/web/20200115074432/https://twitter.com/GovernorBullock,188732,2020-01-15 07:44:32
20200115074442,https://web.archive.org/web/20200115074442/https://twitter.com/GovernorBullock,188732,2020-01-15 07:44:42
20200115084936,https://web.archive.org/web/20200115084936/https://twitter.com/GovernorBullock,188732,2020-01-15 08:49:36
20200115095757,https://web.archive.org/web/20200115095757/https://twitter.com/GovernorBullock,188728,2020-01-15 09:57:57
20200115095801,https://web.archive.org/web/20200115095801/https://twitter.com/GovernorBullock,188728,2020-01-15 09:58:01
20200115102401,https://web.archive.org/web/20200115102401/https://twitter.com/GovernorBullock,188727,2020-01-15 10:24:01
20200115102409,https://web.archive.org/web/20200115102409/https://twitter.com/GovernorBullock,188727,2020-01-15 10:24:09
20200115144203,https://web.archive.org/web/20200115144203/https://twitter.com/GovernorBullock,188727,2020-01-15 14:42:03
20200115144207,https://web.archive.org/web/20200115144207/https://twitter.com/GovernorBullock,188727,2020-01-15 14:42:07
20200115191308,https://web.archive.org/web/20200115191308/https://twitter.com/GovernorBullock,188730,2020-01-15 19:13:08
20200115203235,https://web.archive.org/web/20200115203235/https://twitter.com/GovernorBullock,188730,2020-01-15 20:32:35
20200115203245,https://web.archive.org/web/20200115203245/https://twitter.com/GovernorBullock,188730,2020-01-15 20:32:45
20200115225759,https://web.archive.org/web/20200115225759/https://twitter.com/GovernorBullock,188723,2020-01-15 22:57:59
20200115225810,https://web.archive.org/web/20200115225810/https://twitter.com/GovernorBullock,188722,2020-01-15 22:58:10
20200116060916,https://web.archive.org/web/20200116060916/https://twitter.com/GovernorBullock,188711,2020-01-16 06:09:16
20200116060924,https://web.archive.org/web/20200116060924/https://twitter.com/GovernorBullock,188711,2020-01-16 06:09:24
20200116160830,https://web.archive.org/web/20200116160830/https://twitter.com/GovernorBullock,188714,2020-01-16 16:08:30
20200116160839,https://web.archive.org/web/20200116160839/https://twitter.com/GovernorBullock,188714,2020-01-16 16:08:39
20200116170911,https://web.archive.org/web/20200116170911/https://twitter.com/GovernorBullock,188715,2020-01-16 17:09:11
20200116185215,https://web.archive.org/web/20200116185215/https://twitter.com/GovernorBullock,188714,2020-01-16 18:52:15
20200116185220,https://web.archive.org/web/20200116185220/https://twitter.com/GovernorBullock,188714,2020-01-16 18:52:20
20200116202009,https://web.archive.org/web/20200116202009/https://twitter.com/GovernorBullock,188715,2020-01-16 20:20:09
20200116202016,https://web.archive.org/web/20200116202016/https://twitter.com/GovernorBullock,188715,2020-01-16 20:20:16
20200117043925,https://web.archive.org/web/20200117043925/https://twitter.com/GovernorBullock,188699,2020-01-17 04:39:25
20200117043937,https://web.archive.org/web/20200117043937/https://twitter.com/GovernorBullock,188699,2020-01-17 04:39:37
20200117061055,https://web.archive.org/web/20200117061055/https://twitter.com/GovernorBullock,188700,2020-01-17 06:10:55
20200117061102,https://web.archive.org/web/20200117061102/https://twitter.com/GovernorBullock,188700,2020-01-17 06:11:02
20200117114634,https://web.archive.org/web/20200117114634/https://twitter.com/GovernorBullock,188697,2020-01-17 11:46:34
20200117115055,https://web.archive.org/web/20200117115055/https://twitter.com/GovernorBullock,188700,2020-01-17 11:50:55
20200117115104,https://web.archive.org/web/20200117115104/https://twitter.com/GovernorBullock,188700,2020-01-17 11:51:04
20200117115212,https://web.archive.org/web/20200117115212/https://twitter.com/GovernorBullock,188700,2020-01-17 11:52:12
20200117123541,https://web.archive.org/web/20200117123541/https://twitter.com/GovernorBullock,188700,2020-01-17 12:35:41
20200118231226,https://web.archive.org/web/20200118231226/https://twitter.com/GovernorBullock,188672,2020-01-18 23:12:26
20200119004642,https://web.archive.org/web/20200119004642/https://twitter.com/GovernorBullock,188672,2020-01-19 00:46:42
20200119004647,https://web.archive.org/web/20200119004647/https://twitter.com/GovernorBullock,188672,2020-01-19 00:46:47
20200119021813,https://web.archive.org/web/20200119021813/https://twitter.com/GovernorBullock,188673,2020-01-19 02:18:13
20200122071031,https://web.archive.org/web/20200122071031/https://twitter.com/GovernorBullock,188638,2020-01-22 07:10:31
20200122230653,https://web.archive.org/web/20200122230653/https://twitter.com/GovernorBullock,188635,2020-01-22 23:06:53
20200122230659,https://web.archive.org/web/20200122230659/https://twitter.com/GovernorBullock,188635,2020-01-22 23:06:59
20200123054329,https://web.archive.org/web/20200123054329/https://twitter.com/GovernorBullock,188627,2020-01-23 05:43:29
20200123054335,https://web.archive.org/web/20200123054335/https://twitter.com/GovernorBullock,188627,2020-01-23 05:43:35
20200123142904,https://web.archive.org/web/20200123142904/https://twitter.com/GovernorBullock,188620,2020-01-23 14:29:04
20200123174657,https://web.archive.org/web/20200123174657/https://twitter.com/GovernorBullock,188621,2020-01-23 17:46:57
20200123174705,https://web.archive.org/web/20200123174705/https://twitter.com/GovernorBullock,188621,2020-01-23 17:47:05
20200123220955,https://web.archive.org/web/20200123220955/https://twitter.com/GovernorBullock,188617,2020-01-23 22:09:55
20200123224600,https://web.archive.org/web/20200123224600/https://twitter.com/GovernorBullock,188616,2020-01-23 22:46:00
20200123224607,https://web.archive.org/web/20200123224607/https://twitter.com/GovernorBullock,188616,2020-01-23 22:46:07
20200124030746,https://web.archive.org/web/20200124030746/https://twitter.com/GovernorBullock,188614,2020-01-24 03:07:46
20200124075813,https://web.archive.org/web/20200124075813/https://twitter.com/GovernorBullock,188607,2020-01-24 07:58:13
20200124092025,https://web.archive.org/web/20200124092025/https://twitter.com/GovernorBullock,188604,2020-01-24 09:20:25
20200124094650,https://web.archive.org/web/20200124094650/https://twitter.com/GovernorBullock,188604,2020-01-24 09:46:50
20200124094658,https://web.archive.org/web/20200124094658/https://twitter.com/GovernorBullock,188604,2020-01-24 09:46:58
20200124103633,https://web.archive.org/web/20200124103633/https://twitter.com/GovernorBullock,188604,2020-01-24 10:36:33
20200124113447,https://web.archive.org/web/20200124113447/https://twitter.com/GovernorBullock,188605,2020-01-24 11:34:47
20200125114156,https://web.archive.org/web/20200125114156/https://twitter.com/GovernorBullock,188606,2020-01-25 11:41:56
20200125114202,https://web.archive.org/web/20200125114202/https://twitter.com/GovernorBullock,188606,2020-01-25 11:42:02
20200126000831,https://web.archive.org/web/20200126000831/https://twitter.com/GovernorBullock,188604,2020-01-26 00:08:31
20200129061842,https://web.archive.org/web/20200129061842/https://twitter.com/GovernorBullock,188533,2020-01-29 06:18:42
20200129072800,https://web.archive.org/web/20200129072800/https://twitter.com/GovernorBullock,188532,2020-01-29 07:28:00
20200129151018,https://web.archive.org/web/20200129151018/https://twitter.com/GovernorBullock,188524,2020-01-29 15:10:18
20200220100101,https://web.archive.org/web/20200220100101/https://twitter.com/GovernorBullock,188238,2020-02-20 10:01:01
20200221012311,https://web.archive.org/web/20200221012311/https://twitter.com/GovernorBullock,188222,2020-02-21 01:23:11
20200221073540,https://web.archive.org/web/20200221073540/https://twitter.com/GovernorBullock,188231,2020-02-21 07:35:40
20200225065607,https://web.archive.org/web/20200225065607/https://twitter.com/GovernorBullock,188165,2020-02-25 06:56:07
20200227132701,https://web.archive.org/web/20200227132701/https://twitter.com/GovernorBullock,188143,2020-02-27 13:27:01
20200303073255,https://web.archive.org/web/20200303073255/https://twitter.com/GovernorBullock,188111,2020-03-03 07:32:55
20200325212202,https://web.archive.org/web/20200325212202/https://twitter.com/GovernorBullock,191938,2020-03-25 21:22:02
20200331094617,https://web.archive.org/web/20200331094617/https://twitter.com/governorbullock,192162,2020-03-31 09:46:17
20190430094651,http://web.archive.org/web/20190430094651/http://twitter.com/governorbullock,166874,2019-04-30 09:46:51
20190101234234,http://web.archive.org/web/20190101234234/https://twitter.com/GovernorBullock,165709,2019-01-01 23:42:34
20190605051447,http://web.archive.org/web/20190605051447/https://twitter.com/GovernorBullock,173774,2019-06-05 05:14:47
20190522023339,http://web.archive.org/web/20190522023339/https://twitter.com/GovernorBullock,172241,2019-05-22 02:33:39
20190402000233,http://web.archive.org/web/20190402000233/https://twitter.com/GovernorBullock,166753,2019-04-02 00:02:33
20190430094655,http://web.archive.org/web/20190430094655/https://twitter.com/governorbullock,166874,2019-04-30 09:46:55
20190201183055,http://web.archive.org/web/20190201183055/https://twitter.com/GovernorBullock,166137,2019-02-01 18:30:55
20190522023342,http://web.archive.org/web/20190522023342/https://twitter.com/GovernorBullock,172241,2019-05-22 02:33:42
20190430071429,http://web.archive.org/web/20190430071429/http://twitter.com/GovernorBullock,166874,2019-04-30 07:14:29
20190525041255,http://web.archive.org/web/20190525041255/https://twitter.com/governorbullock,172468,2019-05-25 04:12:55
20190601203239,http://web.archive.org/web/20190601203239/https://twitter.com/GovernorBullock,173511,2019-06-01 20:32:39
20190529014415,http://web.archive.org/web/20190529014415/https://twitter.com/GovernorBullock,172923,2019-05-29 01:44:15
20190329005506,http://web.archive.org/web/20190329005506/https://twitter.com/governorbullock,166731,2019-03-29 00:55:06
20190427203044,http://web.archive.org/web/20190427203044/https://twitter.com/GovernorBullock,166809,2019-04-27 20:30:44
20190430071431,http://web.archive.org/web/20190430071431/https://twitter.com/GovernorBullock,166874,2019-04-30 07:14:31
20190502014426,http://web.archive.org/web/20190502014426/https://twitter.com/GovernorBullock,166798,2019-05-02 01:44:26
20190301131231,http://web.archive.org/web/20190301131231/https://twitter.com/GovernorBullock,166397,2019-03-01 13:12:31
20190529014411,http://web.archive.org/web/20190529014411/https://twitter.com/GovernorBullock,172923,2019-05-29 01:44:11
20190308065451,http://web.archive.org/web/20190308065451/https://twitter.com/GovernorBullock,166493,2019-03-08 06:54:51
20190605051452,http://web.archive.org/web/20190605051452/https://twitter.com/GovernorBullock,173774,2019-06-05 05:14:52
20190517092801,http://web.archive.org/web/20190517092801/https://twitter.com/GovernorBullock,171152,2019-05-17 09:28:01
20190612031232,http://web.archive.org/web/20190612031232/https://twitter.com/GovernorBullock,174386,2019-06-12 03:12:32
20190612031236,http://web.archive.org/web/20190612031236/https://twitter.com/GovernorBullock,174386,2019-06-12 03:12:36
20190613145137,http://web.archive.org/web/20190613145137/https://twitter.com/GovernorBullock,174547,2019-06-13 14:51:37
20190716190322,http://web.archive.org/web/20190716190322/https://twitter.com/GovernorBullock,177434,2019-07-16 19:03:22
20190626001056,http://web.archive.org/web/20190626001056/https://twitter.com/GovernorBullock,175570,2019-06-26 00:10:56
20190723190600,http://web.archive.org/web/20190723190600/https://twitter.com/GovernorBullock,178259,2019-07-23 19:06:00
20190626001033,http://web.archive.org/web/20190626001033/https://twitter.com/GovernorBullock,175570,2019-06-26 00:10:33
20190723190604,http://web.archive.org/web/20190723190604/https://twitter.com/GovernorBullock,178259,2019-07-23 19:06:04
20190709181532,http://web.archive.org/web/20190709181532/https://twitter.com/GovernorBullock,177108,2019-07-09 18:15:32
20190624052906,http://web.archive.org/web/20190624052906/https://twitter.com/governorbullock,175476,2019-06-24 05:29:06
20190618203400,http://web.archive.org/web/20190618203400/https://twitter.com/GovernorBullock,175036,2019-06-18 20:34:00
20190723190559,http://web.archive.org/web/20190723190559/https://twitter.com/GovernorBullock,178259,2019-07-23 19:05:59
20190716190310,http://web.archive.org/web/20190716190310/https://twitter.com/GovernorBullock,177434,2019-07-16 19:03:10
20190702183900,http://web.archive.org/web/20190702183900/https://twitter.com/GovernorBullock,176643,2019-07-02 18:39:00
20190702183910,http://web.archive.org/web/20190702183910/https://twitter.com/GovernorBullock,176643,2019-07-02 18:39:10
20190618203407,http://web.archive.org/web/20190618203407/https://twitter.com/GovernorBullock,175036,2019-06-18 20:34:07
20190724122325,http://web.archive.org/web/20190724122325/https://twitter.com/GovernorBullock,178277,2019-07-24 12:23:25
20190709181553,http://web.archive.org/web/20190709181553/https://twitter.com/GovernorBullock,177108,2019-07-09 18:15:53
20190730220831,http://web.archive.org/web/20190730220831/https://twitter.com/GovernorBullock,178760,2019-07-30 22:08:31
20190730220835,http://web.archive.org/web/20190730220835/https://twitter.com/GovernorBullock,178760,2019-07-30 22:08:35
20190725183145,http://web.archive.org/web/20190725183145/https://twitter.com/GovernorBullock,178240,2019-07-25 18:31:45
20190804092517,http://web.archive.org/web/20190804092517/https://twitter.com/GovernorBullock,182330,2019-08-04 09:25:17
20190618110504,http://web.archive.org/web/20190618110504/https://twitter.com/GovernorBullock,174891,2019-06-18 11:05:04
20190806213655,http://web.archive.org/web/20190806213655/https://twitter.com/GovernorBullock,182812,2019-08-06 21:36:55
20190806213703,http://web.archive.org/web/20190806213703/https://twitter.com/GovernorBullock,182812,2019-08-06 21:37:03
20190820193811,http://web.archive.org/web/20190820193811/https://twitter.com/GovernorBullock,184448,2019-08-20 19:38:11
20190806203136,http://web.archive.org/web/20190806203136/https://twitter.com/governorbullock,182806,2019-08-06 20:31:36
20190813185625,http://web.archive.org/web/20190813185625/https://twitter.com/GovernorBullock,183807,2019-08-13 18:56:25
20190820193806,http://web.archive.org/web/20190820193806/https://twitter.com/GovernorBullock,184448,2019-08-20 19:38:06
20190201183055,https://web.archive.org/web/20190201183055/https://twitter.com/GovernorBullock,166137,2019-02-01 18:30:55
20190301131231,https://web.archive.org/web/20190301131231/https://twitter.com/GovernorBullock,166397,2019-03-01 13:12:31
20190808000547,http://web.archive.org/web/20190808000547/https://twitter.com/GovernorBullock,182983,2019-08-08 00:05:47
20190101234234,https://web.archive.org/web/20190101234234/https://twitter.com/GovernorBullock,165709,2019-01-01 23:42:34
20190308065451,https://web.archive.org/web/20190308065451/https://twitter.com/GovernorBullock,166493,2019-03-08 06:54:51
20190329005506,https://web.archive.org/web/20190329005506/https://twitter.com/governorbullock,166731,2019-03-29 00:55:06
20190402000233,https://web.archive.org/web/20190402000233/https://twitter.com/GovernorBullock,166753,2019-04-02 00:02:33
20190430071429,https://web.archive.org/web/20190430071429/http://twitter.com/GovernorBullock,166874,2019-04-30 07:14:29
20190427203044,https://web.archive.org/web/20190427203044/https://twitter.com/GovernorBullock,166809,2019-04-27 20:30:44
20190430071431,https://web.archive.org/web/20190430071431/https://twitter.com/GovernorBullock,166874,2019-04-30 07:14:31
20190430094651,https://web.archive.org/web/20190430094651/http://twitter.com/governorbullock,166874,2019-04-30 09:46:51
20190430094655,https://web.archive.org/web/20190430094655/https://twitter.com/governorbullock,166874,2019-04-30 09:46:55
20190502014426,https://web.archive.org/web/20190502014426/https://twitter.com/GovernorBullock,166798,2019-05-02 01:44:26
20190529014415,https://web.archive.org/web/20190529014415/https://twitter.com/GovernorBullock,172923,2019-05-29 01:44:15
20190522023339,https://web.archive.org/web/20190522023339/https://twitter.com/GovernorBullock,172241,2019-05-22 02:33:39
20190522023342,https://web.archive.org/web/20190522023342/https://twitter.com/GovernorBullock,172241,2019-05-22 02:33:42
20190517092801,https://web.archive.org/web/20190517092801/https://twitter.com/GovernorBullock,171152,2019-05-17 09:28:01
20190605051447,https://web.archive.org/web/20190605051447/https://twitter.com/GovernorBullock,173774,2019-06-05 05:14:47
20190529014411,https://web.archive.org/web/20190529014411/https://twitter.com/GovernorBullock,172923,2019-05-29 01:44:11
20190601203239,https://web.archive.org/web/20190601203239/https://twitter.com/GovernorBullock,173511,2019-06-01 20:32:39
20190605051452,https://web.archive.org/web/20190605051452/https://twitter.com/GovernorBullock,173774,2019-06-05 05:14:52
20190525041255,https://web.archive.org/web/20190525041255/https://twitter.com/governorbullock,172468,2019-05-25 04:12:55
20190612031232,https://web.archive.org/web/20190612031232/https://twitter.com/GovernorBullock,174386,2019-06-12 03:12:32
20190613145137,https://web.archive.org/web/20190613145137/https://twitter.com/GovernorBullock,174547,2019-06-13 14:51:37
20190618203400,https://web.archive.org/web/20190618203400/https://twitter.com/GovernorBullock,175036,2019-06-18 20:34:00
20190624052906,https://web.archive.org/web/20190624052906/https://twitter.com/governorbullock,175476,2019-06-24 05:29:06
20190618203407,https://web.archive.org/web/20190618203407/https://twitter.com/GovernorBullock,175036,2019-06-18 20:34:07
20190626001033,https://web.archive.org/web/20190626001033/https://twitter.com/GovernorBullock,175570,2019-06-26 00:10:33
20190612031236,https://web.archive.org/web/20190612031236/https://twitter.com/GovernorBullock,174386,2019-06-12 03:12:36
20190626001056,https://web.archive.org/web/20190626001056/https://twitter.com/GovernorBullock,175570,2019-06-26 00:10:56
20190702183900,https://web.archive.org/web/20190702183900/https://twitter.com/GovernorBullock,176643,2019-07-02 18:39:00
20190702183910,https://web.archive.org/web/20190702183910/https://twitter.com/GovernorBullock,176643,2019-07-02 18:39:10
20190716190322,https://web.archive.org/web/20190716190322/https://twitter.com/GovernorBullock,177434,2019-07-16 19:03:22
20190618110504,https://web.archive.org/web/20190618110504/https://twitter.com/GovernorBullock,174891,2019-06-18 11:05:04
20190709181553,https://web.archive.org/web/20190709181553/https://twitter.com/GovernorBullock,177108,2019-07-09 18:15:53
20190709181532,https://web.archive.org/web/20190709181532/https://twitter.com/GovernorBullock,177108,2019-07-09 18:15:32
20190730220831,https://web.archive.org/web/20190730220831/https://twitter.com/GovernorBullock,178760,2019-07-30 22:08:31
20190716190310,https://web.archive.org/web/20190716190310/https://twitter.com/GovernorBullock,177434,2019-07-16 19:03:10
20190723190559,https://web.archive.org/web/20190723190559/https://twitter.com/GovernorBullock,178259,2019-07-23 19:05:59
20190804092517,https://web.archive.org/web/20190804092517/https://twitter.com/GovernorBullock,182330,2019-08-04 09:25:17
20190806203136,https://web.archive.org/web/20190806203136/https://twitter.com/governorbullock,182806,2019-08-06 20:31:36
20190806213655,https://web.archive.org/web/20190806213655/https://twitter.com/GovernorBullock,182812,2019-08-06 21:36:55
20190723190604,https://web.archive.org/web/20190723190604/https://twitter.com/GovernorBullock,178259,2019-07-23 19:06:04
20190723190600,https://web.archive.org/web/20190723190600/https://twitter.com/GovernorBullock,178259,2019-07-23 19:06:00
20190730220835,https://web.archive.org/web/20190730220835/https://twitter.com/GovernorBullock,178760,2019-07-30 22:08:35
20190813185625,https://web.archive.org/web/20190813185625/https://twitter.com/GovernorBullock,183807,2019-08-13 18:56:25
20190820193811,https://web.archive.org/web/20190820193811/https://twitter.com/GovernorBullock,184448,2019-08-20 19:38:11
20190806213703,https://web.archive.org/web/20190806213703/https://twitter.com/GovernorBullock,182812,2019-08-06 21:37:03
20190820193806,https://web.archive.org/web/20190820193806/https://twitter.com/GovernorBullock,184448,2019-08-20 19:38:06
